[
  {
    "question": "Is it Ethical to Seek Assistance from Online Class Relief?",
    "answer": "Absolutely! We’re a trusted service with top-notch tutors and a money-back guarantee for your peace of mind."
  },
  {
    "question": "Is It Safe to Hire Someone to Take My Online Exam?",
    "answer": "Absolutely! Online Exam Relief is a completely secure platform for hiring help with your online classes. We prioritize data confidentiality and never share your information with anyone."
  },
  {
    "question": "How Can I Hire Online Exam Relief to Take My Online Exam?",
    "answer": "Share your requirements with Online Class Exam, including your field of study, syllabus, or online class login details. After reviewing your coursework, we’ll provide a final quote. Once agreed, we’ll handle the rest!"
  },
  {
    "question": "Is it possible to pay someone to take my online exam?",
    "answer": "Absolutely! Our \"Do My Online Exam for Me\" Service Makes It Easy. We offer expert online class assistance for all major subjects, with tutors ready to take your online test at a moment’s notice."
  },
  {
    "question": "Et eos ducimus fugdasdadsad",
    "answer": "Odio et aut qui est"
  },
  {
    "question": "Quidem aut inciduntdfsadsadsa",
    "answer": "Dolores consequatur "
  },
  {
    "question": "Another quesrion hay mera",
    "answer": "Another answer hay mera"
  }
]